{"Training Loss": 0.0, "_timestamp": 1698200006.2469654, "_runtime": 4.865898370742798, "_step": 0, "_wandb": {"runtime": 4}}