{"Training Loss": 0.0, "_timestamp": 1698201823.2682915, "_runtime": 4.478911399841309, "_step": 0, "_wandb": {"runtime": 3}}