{"Training Loss": 0.0, "_timestamp": 1698201375.9608324, "_runtime": 4.457621335983276, "_step": 0, "_wandb": {"runtime": 3}}