{"Training Loss": 0.0, "_timestamp": 1698199680.7867658, "_runtime": 6.08462381362915, "_step": 0, "_wandb": {"runtime": 4}}