{"Training Loss": 0.0, "_timestamp": 1698200793.1180294, "_runtime": 4.752574443817139, "_step": 0, "_wandb": {"runtime": 4}}