{"Training Loss": 0.0, "_timestamp": 1698201243.3580825, "_runtime": 4.487836599349976, "_step": 0, "_wandb": {"runtime": 3}}