{"Training Loss": 0.0, "_timestamp": 1698202085.787274, "_runtime": 5.4399659633636475, "_step": 0, "_wandb": {"runtime": 4}}