{"cameraMode":{"drawMode":0,"name":"Shaded","section":"Shading Mode"},"sceneLighting":true,"audioPlay":false,"sceneViewState":{"m_AlwaysRefresh":false,"showFog":true,"showSkybox":true,"showFlares":true,"showImageEffects":true,"showParticleSystems":true,"showVisualEffectGraphs":true,"m_FxEnabled":true},"in2DMode":false,"pivot":{"x":0.7079567313194275,"y":-0.9556848406791687,"z":-19.012174606323243},"rotation":{"x":-0.0025449146050959827,"y":-0.9972232580184937,"z":0.06471657007932663,"w":-0.03800994157791138},"size":11.059260368347168,"orthographic":false}