{"Training Loss": 0.0, "_timestamp": 1698200300.4493544, "_runtime": 4.7940874099731445, "_step": 0, "_wandb": {"runtime": 4}}