{"Training Loss": 0.0, "_timestamp": 1698201453.8612356, "_runtime": 4.488077640533447, "_step": 0, "_wandb": {"runtime": 3}}