{"device": "cuda:0", "_timestamp": 1698211202.474251, "_runtime": 22.318164110183716, "_step": 10, "Training Loss": 0.0006545770214870572, "Validation Accuracy": 1.0, "Validation Loss": 0.000510570069309324, "_wandb": {"runtime": 22}}