{"Training Loss": 0.0, "_timestamp": 1698201523.981344, "_runtime": 4.485262870788574, "_step": 0, "_wandb": {"runtime": 3}}