{"Training Loss": 0.0, "_timestamp": 1698202931.04263, "_runtime": 83.5791220664978, "_step": 39, "Validation Accuracy": 1.0, "Validation Loss": 0.0, "_wandb": {"runtime": 82}}