{"Training Loss": 0.0, "_timestamp": 1698202589.1255162, "_runtime": 5.599948167800903, "_step": 0, "_wandb": {"runtime": 4}}