{"cameraMode":{"drawMode":0,"name":"Shaded","section":"Shading Mode"},"sceneLighting":true,"audioPlay":false,"sceneViewState":{"m_AlwaysRefresh":false,"showFog":true,"showSkybox":true,"showFlares":true,"showImageEffects":true,"showParticleSystems":true,"showVisualEffectGraphs":true,"m_FxEnabled":true},"in2DMode":false,"pivot":{"x":-1.2557607889175416,"y":5.624930381774902,"z":-0.8476038575172424},"rotation":{"x":-0.018424777314066888,"y":0.9806758165359497,"z":-0.1592758446931839,"w":-0.1138869896531105},"size":1.9697362184524537,"orthographic":true}