{"Training Loss": 0.0, "_timestamp": 1698203762.6186063, "_runtime": 83.3510992527008, "_step": 39, "Validation Accuracy": 1.0, "Validation Loss": 0.0, "_wandb": {"runtime": 82}}