{"device": "cuda", "_timestamp": 1699128528.064849, "_runtime": 1.292099952697754, "_step": 0, "_wandb": {"runtime": 2}}