{"Training Loss": 1.1166150822342994e-05, "_timestamp": 1698207367.6607275, "_runtime": 82.70347452163696, "_step": 39, "Validation Accuracy": 1.0, "Validation Loss": 9.7455813374836e-06, "_wandb": {"runtime": 81}}